x,y,z,type
-405,13,-186,minecraft:mob_spawner
-367,-15,-126,minecraft:mob_spawner
-481,-49,-252,minecraft:sculk_sensor
-486,-50,-254,minecraft:sculk_sensor
-445,1,-283,minecraft:mob_spawner
-511,-36,-217,minecraft:sculk_catalyst
-478,-47,-260,minecraft:sculk_shrieker
-472,-49,-260,minecraft:sculk_catalyst
-499,-45,-255,minecraft:sculk_sensor
-527,-9,-282,minecraft:mob_spawner
-427,-10,-296,minecraft:mob_spawner
-509,-9,-300,minecraft:mob_spawner
-517,-56,-191,minecraft:sculk_sensor
-514,-56,-189,minecraft:sculk_sensor
-517,-54,-192,minecraft:sculk_sensor
-519,-52,-193,minecraft:sculk_sensor
-518,-55,-193,minecraft:sculk_catalyst
-518,-32,-226,minecraft:sculk_sensor
-513,-36,-234,minecraft:sculk_sensor
-516,-35,-223,minecraft:sculk_shrieker
-514,-36,-219,minecraft:sculk_sensor
-502,85,-320,minecraft:mob_spawner
-557,-54,-200,minecraft:sculk_sensor
-549,-53,-203,minecraft:sculk_sensor
-566,82,-272,minecraft:mob_spawner
-554,-40,-254,minecraft:sculk_sensor
-556,-36,-250,minecraft:sculk_sensor
-550,-40,-259,minecraft:sculk_sensor
-572,-12,-289,minecraft:mob_spawner
-493,-16,-34,minecraft:mob_spawner
-577,-20,-180,minecraft:mob_spawner
-584,30,-52,minecraft:mob_spawner
-588,-17,-312,minecraft:mob_spawner
-565,-10,-303,minecraft:sculk_sensor
-317,-2,-365,minecraft:mob_spawner
-466,-27,-12,minecraft:mob_spawner
-540,-14,-366,minecraft:mob_spawner
-585,-52,-282,minecraft:sculk_shrieker
-570,-42,-350,minecraft:sculk_sensor
-568,-48,-343,minecraft:sculk_sensor
-570,-42,-347,minecraft:sculk_catalyst
-591,-43,-347,minecraft:sculk_sensor
-592,-44,-343,minecraft:sculk_sensor
-595,-40,-264,minecraft:sculk_sensor
-599,-43,-258,minecraft:sculk_sensor
-619,76,-236,minecraft:beehive
-616,-23,-272,minecraft:mob_spawner
-619,-32,-276,minecraft:mob_spawner
-614,-38,-285,minecraft:sculk_sensor
-612,-40,-287,minecraft:sculk_catalyst
-620,-52,-365,minecraft:sculk_sensor
-619,-51,-352,minecraft:sculk_sensor
-617,-50,-346,minecraft:sculk_sensor
-619,-49,-351,minecraft:sculk_catalyst
-626,76,-228,minecraft:beehive
-638,-48,-377,minecraft:sculk_catalyst
-637,-46,-378,minecraft:sculk_sensor
-593,-54,-391,minecraft:sculk_sensor
-594,-54,-391,minecraft:sculk_sensor
-591,-53,-391,minecraft:sculk_catalyst
-651,-32,-278,minecraft:sculk_sensor
-656,-45,-264,minecraft:sculk_sensor
-662,38,-214,minecraft:mob_spawner
-658,-42,-260,minecraft:sculk_shrieker
-659,-43,-259,minecraft:sculk_sensor
-660,-42,-260,minecraft:sculk_sensor
-662,-42,-257,minecraft:sculk_catalyst
-663,-44,-253,minecraft:sculk_sensor
-662,-43,-255,minecraft:sculk_shrieker
-684,31,-210,minecraft:mob_spawner
-690,-17,-299,minecraft:mob_spawner
-711,-7,-307,minecraft:mob_spawner
-725,-18,-289,minecraft:mob_spawner
-761,-23,-325,minecraft:mob_spawner
-707,-20,-174,minecraft:mob_spawner
-730,27,-170,minecraft:mob_spawner
-816,-25,-343,minecraft:mob_spawner
-638,-23,-116,minecraft:mob_spawner
-668,-18,-122,minecraft:mob_spawner
-780,-8,-124,minecraft:mob_spawner
-774,88,-113,minecraft:beehive
-707,-28,-97,minecraft:mob_spawner
-840,-48,-398,minecraft:sculk_sensor
-841,-48,-398,minecraft:sculk_catalyst
-839,-41,-416,minecraft:sculk_sensor
-837,-53,-419,minecraft:sculk_sensor
-857,-41,-432,minecraft:sculk_sensor
