x,y,z,visibility,load_status,entity_count
-30,-1,-21,TICKING,LOADED,1
-40,4,-17,TRACKED,LOADED,1
-31,5,-18,TICKING,LOADED,3
-49,3,-12,TICKING,LOADED,1
-49,5,-12,TICKING,LOADED,1
-48,-1,-19,TICKING,LOADED,1
-33,-1,-20,TICKING,LOADED,2
-46,0,-18,TICKING,LOADED,2
-48,1,-14,TICKING,LOADED,1
-50,5,-21,TICKING,LOADED,1
-52,4,-10,TRACKED,LOADED,4
-30,5,-16,TICKING,LOADED,1
-39,3,-17,TRACKED,LOADED,1
-47,0,-12,TICKING,LOADED,1
-47,-1,-12,TICKING,LOADED,1
-41,2,-14,TICKING,LOADED,1
-35,5,-15,TICKING,LOADED,1
-40,4,-12,TRACKED,LOADED,5
-46,-2,-15,TICKING,LOADED,1
-17,-2,-10,TRACKED,LOADED,2
-50,1,-16,TICKING,LOADED,1
-50,5,-16,TICKING,LOADED,3
-49,-2,-17,TICKING,LOADED,1
-47,-1,-13,TICKING,LOADED,1
-18,-1,-23,TRACKED,LOADED,1
-48,1,-11,TICKING,LOADED,1
-44,3,-15,TICKING,LOADED,3
-29,3,-22,TRACKED,LOADED,3
-39,4,-16,TRACKED,LOADED,1
-49,2,-22,TRACKED,LOADED,2
-49,4,-22,TRACKED,LOADED,1
-37,4,-19,TRACKED,LOADED,5
-37,5,-19,TRACKED,LOADED,1
-37,6,-19,TRACKED,LOADED,1
-37,7,-19,TRACKED,LOADED,1
-50,5,-18,TICKING,LOADED,1
-50,4,-12,TICKING,LOADED,1
-50,5,-12,TICKING,LOADED,2
-46,0,-12,TICKING,LOADED,1
-46,3,-12,TICKING,LOADED,3
-45,-3,-15,TICKING,LOADED,1
-42,4,-13,TICKING,LOADED,2
-47,3,-16,TICKING,LOADED,1
-52,4,-9,TRACKED,LOADED,1
-44,3,-16,TICKING,LOADED,4
-34,8,-19,TICKING,LOADED,1
-30,4,-10,TICKING,LOADED,1
-53,1,-17,TRACKED,LOADED,1
-37,4,-16,TRACKED,LOADED,1
-48,3,-20,TICKING,LOADED,1
-29,-1,-2,TRACKED,LOADED,18
-40,5,-14,TRACKED,LOADED,1
-50,4,-22,TRACKED,LOADED,1
-47,3,-19,TICKING,LOADED,1
-47,-2,-19,TICKING,LOADED,1
-47,-1,-19,TICKING,LOADED,1
-49,0,-11,TICKING,LOADED,2
-43,-2,-12,TICKING,LOADED,1
-52,4,-12,TRACKED,LOADED,1
-44,3,-13,TICKING,LOADED,2
-53,4,-22,TRACKED,LOADED,4
-31,6,-19,TICKING,LOADED,1
-20,-1,-23,TRACKED,LOADED,1
-45,3,-14,TICKING,LOADED,1
-28,4,-16,TICKING,LOADED,1
-51,4,-13,TICKING,LOADED,2
-46,3,-16,TICKING,LOADED,2
-46,5,-16,TICKING,LOADED,1
-37,4,-17,TRACKED,LOADED,1
-37,-2,-17,TRACKED,LOADED,2
-40,4,-15,TRACKED,LOADED,1
-40,5,-19,TRACKED,LOADED,1
-52,1,-17,TRACKED,LOADED,1
-49,5,-20,TICKING,LOADED,3
-49,-1,-20,TICKING,LOADED,4
-28,-1,-2,TRACKED,LOADED,6
-44,3,-18,TICKING,LOADED,2
-38,5,-19,TRACKED,LOADED,5
-38,7,-19,TRACKED,LOADED,1
-38,-2,-19,TRACKED,LOADED,1
-39,5,-19,TRACKED,LOADED,1
-51,4,-12,TICKING,LOADED,1
-50,1,-17,TICKING,LOADED,2
-50,-1,-17,TICKING,LOADED,1
-51,5,-18,TICKING,LOADED,2
-47,0,-20,TICKING,LOADED,1
-47,1,-20,TICKING,LOADED,2
-40,5,-20,TRACKED,LOADED,2
-36,6,-23,TRACKED,LOADED,1
-44,3,-17,TICKING,LOADED,1
-49,1,-15,TICKING,LOADED,1
-49,-2,-15,TICKING,LOADED,1
-49,-1,-15,TICKING,LOADED,2
-45,3,-19,TICKING,LOADED,1
-36,7,-18,TICKING,LOADED,1
-29,4,-20,TICKING,LOADED,1
-48,4,-21,TICKING,LOADED,1
-52,1,-18,TRACKED,LOADED,1
-48,3,-13,TICKING,LOADED,1
-48,4,-13,TICKING,LOADED,2
-32,-1,-17,TICKING,LOADED,1
-41,4,-12,TICKING,LOADED,1
-44,-1,-20,TICKING,LOADED,1
-20,-1,-22,TRACKED,LOADED,1
-49,1,-18,TICKING,LOADED,1
-49,-1,-18,TICKING,LOADED,3
-38,-1,-21,TRACKED,LOADED,1
-28,4,-20,TICKING,LOADED,2
-48,0,-12,TICKING,LOADED,1
-51,2,-14,TICKING,LOADED,1
-35,-1,-23,TRACKED,LOADED,1
-43,1,-14,TICKING,LOADED,1
-47,2,-18,TICKING,LOADED,1
-47,-2,-18,TICKING,LOADED,3
-47,-1,-18,TICKING,LOADED,4
-34,4,-11,TICKING,LOADED,2
-39,5,-22,TRACKED,LOADED,1
-39,6,-22,TRACKED,LOADED,4
-37,7,-20,TRACKED,LOADED,2
-40,4,-18,TRACKED,LOADED,4
-38,1,-12,TRACKED,LOADED,2
-27,4,-16,TICKING,LOADED,3
-49,3,-21,TICKING,LOADED,3
-38,6,-22,TRACKED,LOADED,3
-51,1,-17,TICKING,LOADED,1
-40,5,-21,TRACKED,LOADED,3
-49,1,-16,TICKING,LOADED,2
-49,-1,-16,TICKING,LOADED,1
-48,-1,-17,TICKING,LOADED,1
-47,4,-15,TICKING,LOADED,1
