x,y,z,uuid,type,alive,display_name,custom_name
-428.58698003089523,70.0,-241.5066011442011,3b818229-2690-4f54-b5b9-afc3576ac67c,minecraft:chicken,true,Chicken,[null]
-439.5853910380521,75.0,-251.0769206551745,c5e47332-92e9-4870-a765-4a9977a43838,minecraft:chicken,true,Chicken,[null]
-428.0,70.0,-245.0,12a90920-2c48-473e-8316-4a1333a490e3,minecraft:chicken,true,Chicken,[null]
-427.05368880859294,69.0,-248.46217063292488,1cb87f9e-3825-4ae7-b4ab-5c68ed201d9d,minecraft:chicken,true,Chicken,[null]
-476.60279059014334,65.0,-153.53403047714096,12f3b656-f1b2-432b-8b51-b4abba544e4a,minecraft:chicken,true,Chicken,[null]
-469.48947006927284,94.0,-248.47006643941276,ad90cb21-2b89-4214-bacd-81be578e4475,minecraft:llama,true,Llama,[null]
-498.5,-9.9375,-257.5,e577b4a2-6939-4c55-a31c-36b25e5da4a7,minecraft:chest_minecart,true,Minecart with Chest,[null]
-481.45108525910973,93.0,-280.4510874620777,7e80294b-cb75-4fd4-824f-5a5658a3172d,minecraft:llama,true,Llama,[null]
-485.08392604518065,96.0,-290.6534055493584,444f3e84-1c09-49c5-ae6c-0a41e2936c2c,minecraft:llama,true,Llama,[null]
-483.48462297787313,94.0,-280.47838239228867,43b9b407-c973-42ca-ace5-8623c7877682,minecraft:llama,true,Llama,[null]
-483.4932404860517,94.0,-283.5174609564263,0f0608b1-d82c-4098-838c-1c1cfeb3c97b,minecraft:llama,true,Llama,[null]
-543.3257985292964,70.0,-160.43244062880987,6be776ac-debf-4028-8384-5a789e845cbd,minecraft:pig,true,Pig,[null]
-542.5105233850533,71.0,-165.27808543311093,9ffe1cd4-f6a9-4311-ac90-9379d50af2d5,minecraft:pig,true,Pig,[null]
-447.0,71.0,-317.0,ec422fe8-3f67-43d7-8f50-5ffd4535228b,minecraft:sheep,true,Sheep,[null]
-449.7778706939704,71.0,-315.05761404905684,69b8fc03-316f-4cd2-a454-140034bdd7d0,minecraft:sheep,true,Sheep,[null]
-441.0,70.0,-314.0,4fb87e7a-014a-4e3f-9873-9e087ae83ecb,minecraft:sheep,true,Sheep,[null]
-521.5,-8.9375,-312.5,9a86c449-bb67-47ef-8d63-fcdfac785b94,minecraft:chest_minecart,true,Minecart with Chest,[null]
-517.5,-12.9375,-308.5,c380a1d6-0029-4119-9aee-cec3d7f4e0dd,minecraft:chest_minecart,true,Minecart with Chest,[null]
-576.0588399504694,126.0,-304.92593677349686,cdf082b8-f327-44fc-8084-3a4244fc4bf2,minecraft:goat,true,Goat,[null]
-576.033877882195,126.0,-302.9786092206401,ccd3622b-eef2-4811-8164-14753b5102b1,minecraft:goat,true,Goat,[null]
-541.4561634872346,129.0,-296.0679041461843,64d82e4d-681c-43d4-846e-7b7f65eb1290,minecraft:goat,true,Goat,[null]
-563.1828859789935,120.0,-277.90683056897456,384f0738-0374-44c2-8736-d87f0c1aec17,minecraft:goat,true,Goat,[null]
-305.5,-6.5,-357.5,1979bdb1-e085-4324-8f54-e34ccdfe7cb9,minecraft:chest_minecart,true,Minecart with Chest,[null]
-559.6403332190811,89.0,-228.53493467625555,15e90d6e-2680-48b5-a482-8c126fac0e9d,minecraft:chicken,true,Chicken,[null]
-476.5,-7.9375,-323.5,44a75c6c-b8d4-42ae-a413-dc23147ebfad,minecraft:chest_minecart,true,Minecart with Chest,[null]
-553.5,-14.9375,-360.5,bf9d2683-bee4-43bc-a8a1-0ebb35de115b,minecraft:chest_minecart,true,Minecart with Chest,[null]
-587.5,-17.9375,-270.5,4ed1f285-cc6e-4da1-957e-eb561c97161d,minecraft:chest_minecart,true,Minecart with Chest,[null]
-587.5,-17.9375,-265.5,30bb891b-a3cb-42e6-a3d8-25ce9c559c26,minecraft:chest_minecart,true,Minecart with Chest,[null]
-605.0,112.0,-294.0,c4468679-cbf1-4ff4-927c-93096b432c4d,minecraft:chicken,true,Chicken,[null]
-597.5,-17.9375,-292.5,062be3a8-deaa-49f8-9ffc-6b68a13852b4,minecraft:chest_minecart,true,Minecart with Chest,[null]
-317.5,-1.5,-343.5,44dc4864-5620-4476-8b41-e691125632c5,minecraft:chest_minecart,true,Minecart with Chest,[null]
-603.5,-4.9375,-329.5,ef07620a-4814-4864-b18f-dfcec51cba6a,minecraft:chest_minecart,true,Minecart with Chest,[null]
-606.0,96.0,-351.59999999403954,eb557016-8b41-4a8a-bcf4-16d7e108b544,minecraft:chicken,true,Chicken,[null]
-607.0,96.0,-351.59999999403954,9381364e-5f13-488a-982c-52c949af561c,minecraft:chicken,true,Chicken,[null]
-605.0,98.0,-351.0,f57270e2-2be8-45dc-b1a1-2488056203db,minecraft:chicken,true,Chicken,[null]
-280.5,-1.5,-360.5,f37f41e1-eace-4fe9-96c4-4c7ae646badd,minecraft:chest_minecart,true,Minecart with Chest,[null]
-734.7442371762796,91.0,-245.72854495663162,380df991-f603-344c-a090-369bad2a924a,minecraft:player,true,Dev,[null]
-261.5,-25.0,-152.5,30cec6fb-d781-4312-884e-50442eb6be08,minecraft:falling_block,true,Falling Gravel,[null]
-261.5,-24.0,-152.5,5a9629fc-c207-41a9-b1db-b46b5297456d,minecraft:falling_block,true,Falling Gravel,[null]
-447.5,-6.0,-27.5,5526e024-ef63-4abc-a16d-c5cebe9b3256,minecraft:falling_block,true,Falling Gravel,[null]
-447.5,-5.0,-26.5,e2e97b93-37ed-44f9-ac47-3cdc959d6a70,minecraft:falling_block,true,Falling Gravel,[null]
-448.5,-8.0,-29.5,9e1f0cff-4dec-482e-8c93-96c804cc5c84,minecraft:falling_block,true,Falling Gravel,[null]
-448.5,-7.0,-29.5,bccb6737-d931-4484-a749-2d9810585f00,minecraft:falling_block,true,Falling Gravel,[null]
-448.5,-6.0,-28.5,ef3dbc5b-b58f-4696-aafe-515a17456355,minecraft:falling_block,true,Falling Gravel,[null]
-449.5,-8.0,-27.5,930bf245-18ff-4753-b428-7b8bc8e21905,minecraft:falling_block,true,Falling Gravel,[null]
-449.5,-7.0,-27.5,d11ee4b8-5e16-45f5-a08d-c71faa8126f4,minecraft:falling_block,true,Falling Gravel,[null]
-448.5,-6.0,-27.5,6106bd90-231d-4ab8-a81d-24245ae7240e,minecraft:falling_block,true,Falling Gravel,[null]
-447.5,-6.0,-28.5,01f17a29-bcb5-43a6-a7ff-adf91f0e0da9,minecraft:falling_block,true,Falling Gravel,[null]
-447.5,-5.0,-27.5,40c84c43-9f22-4a12-b05b-9c51be4a401a,minecraft:falling_block,true,Falling Gravel,[null]
-448.5,-5.0,-26.5,43c9eefd-d787-4482-a77c-71f8bb3740be,minecraft:falling_block,true,Falling Gravel,[null]
-447.5,-5.0,-25.5,fcf56af2-968c-46be-9ebd-59167edf88da,minecraft:falling_block,true,Falling Gravel,[null]
-448.5,-6.0,-29.5,29c4f2e1-2530-4555-94f4-2faedeb419a6,minecraft:falling_block,true,Falling Gravel,[null]
-448.5,-5.0,-28.5,a7da48c6-0da8-448a-9a9a-f834c47e64e7,minecraft:falling_block,true,Falling Gravel,[null]
-449.5,-7.0,-26.5,4a8b100c-89b2-4e5c-8abe-35352ac85949,minecraft:falling_block,true,Falling Gravel,[null]
-449.5,-6.0,-27.5,80b06872-3246-4163-b9cf-bcf74baadef8,minecraft:falling_block,true,Falling Gravel,[null]
-448.5,-5.0,-27.5,14555e0e-e165-4c47-916b-f3b5615f77c2,minecraft:falling_block,true,Falling Gravel,[null]
-448.5,-5.0,-25.5,07e114f1-c0b1-4065-a27e-3ad0e42886c9,minecraft:falling_block,true,Falling Gravel,[null]
-447.5,-5.0,-24.5,6cd82d89-dd96-4929-9752-3b63c035a986,minecraft:falling_block,true,Falling Gravel,[null]
-449.5,-6.0,-26.5,1b7b93b9-0ee4-41ce-93a9-bed1e4e90a6e,minecraft:falling_block,true,Falling Gravel,[null]
-449.5,-5.0,-27.5,6dfa26c2-8170-4f95-bea8-aab5741903a8,minecraft:falling_block,true,Falling Gravel,[null]
-449.5,-5.0,-25.5,9d9a68b9-0adb-4c4d-abf3-237351bcdb1f,minecraft:falling_block,true,Falling Gravel,[null]
-449.5,-5.0,-26.5,b36bc20d-5c1b-4f2a-b40d-ee74f84ddd0f,minecraft:falling_block,true,Falling Gravel,[null]
-449.5,-4.0,-27.5,da7312d9-cb9b-40d3-9582-7415f1b3462f,minecraft:falling_block,true,Falling Gravel,[null]
-569.1667190976772,99.0,-367.6167390230806,e4dda8ec-5818-4df4-a67d-8cb90e99f68b,minecraft:cow,true,Cow,[null]
-598.5,25.607920319999998,-179.5,b22c87d7-72eb-4ad5-ac5b-37dd722b80e4,minecraft:falling_block,true,Falling Gravel,[null]
-598.5,26.8808,-179.5,ec83acec-2104-433e-aafe-f6446f340297,minecraft:falling_block,true,Falling Gravel,[null]
-455.4398128017783,61.516170274466276,-336.8132676631212,ec748aea-c13b-4381-9023-524d6ab1ef8e,minecraft:squid,true,Squid,[null]
-455.41170135885477,60.79091832228005,-340.92037650197744,6486ee8d-74da-4146-a61e-f56f2ca42a0e,minecraft:squid,true,Squid,[null]
-459.36228358000517,60.54025824368,-342.950908690691,3050665d-90d1-47cf-b367-4c3982fa233e,minecraft:squid,true,Squid,[null]
-648.5,37.0625,-223.5,b9f77ea1-2aec-4c11-9f53-84e4ca0d7adf,minecraft:chest_minecart,true,Minecart with Chest,[null]
-587.5426406649585,114.0,-304.54289325822253,2792c468-8b61-4d38-9769-508035a8e858,minecraft:creeper,true,Creeper,[null]
-657.126288972766,73.0,-192.85326760785168,6e49639e-b136-4527-8cba-df8ddd8affc1,minecraft:chicken,true,Chicken,[null]
-599.9260518688355,89.0,-297.46668278435794,38386255-27da-4fd0-b5fb-77a5789faa34,minecraft:zombie,true,Zombie,[null]
-592.5,95.0,-296.5,ed4f584c-dc77-4d8b-9d15-e464685cae54,minecraft:creeper,true,Creeper,[null]
-633.4138160426237,83.98971193200133,-220.5740118832342,004c053b-4f03-4b6c-91a9-529d74424ea4,minecraft:bee,true,Bee,[null]
-577.5,71.0,-302.5,211e751c-d496-4582-95da-109d266cd2ac,minecraft:skeleton,true,Skeleton,[null]
-577.5,71.0,-303.5,2127b181-9710-43e7-ae8f-c7d80b2f910c,minecraft:skeleton,true,Skeleton,[null]
-581.5007161155096,72.7531999805212,-288.3547194815762,c5a5e949-5889-41ad-86e2-ef667952308f,minecraft:creeper,true,Creeper,[null]
-675.5,31.0625,-223.5,34e63468-1157-4b4f-9108-0caae8d3e8e9,minecraft:chest_minecart,true,Minecart with Chest,[null]
-591.4805914755501,96.0,-294.74891493639194,e3a7a750-454f-4c9b-aa55-225b4cdd2725,minecraft:creeper,true,Creeper,[null]
-583.5,68.0,-252.5,99facc52-2985-4b65-b609-e8d4b2068f6f,minecraft:spider,true,Spider,[null]
-741.3909714873905,-29.0,-286.73024987806207,12e4c4dd-a9de-461a-b228-013e39b00779,minecraft:chest_minecart,true,Minecart with Chest,[null]
-576.5,85.0,-302.5,d0ebf443-8731-4b30-8c17-f5149c20e137,minecraft:zombie,true,Zombie,[null]
-591.5,75.0,-299.5,28dacb42-2cae-4dca-9c1a-b19efc870194,minecraft:creeper,true,Creeper,[null]
-590.5,75.0,-298.5,34f370e5-3b25-4c2f-b9a2-1b5e1a4c0448,minecraft:creeper,true,Creeper,[null]
-596.5,91.0,-294.5,e157bdde-aa0c-495d-be53-2dc3aee59f55,minecraft:skeleton,true,Skeleton,[null]
-755.5,-15.9375,-300.5,7dfb438f-d5cc-4c0e-91be-9e5f7cb47755,minecraft:chest_minecart,true,Minecart with Chest,[null]
-774.5,-19.9375,-258.5,a8aa42f0-67f6-476e-aff2-fa014e5ced76,minecraft:chest_minecart,true,Minecart with Chest,[null]
-782.0,95.0,-313.0,f7860cf5-5314-4143-81db-b2e6692bc753,minecraft:pig,true,Pig,[null]
-789.7384901420987,95.0,-321.0183261431625,314a5376-5d88-4cfe-b4f5-93a7b49521ae,minecraft:pig,true,Pig,[null]
-781.0,95.0,-315.0,bd9d8979-1ab9-401b-81c4-25ae3eeac180,minecraft:pig,true,Pig,[null]
-780.0,95.0,-316.0,51d32464-3d59-4ebe-b863-963d57916d36,minecraft:pig,true,Pig,[null]
-630.4401640829785,81.0,-288.5,0878359b-5be3-4ebb-8fdb-05947b74f8d3,minecraft:skeleton,true,Skeleton,[null]
-579.5,68.0,-266.5,40a170d6-6e9a-4481-9514-0bc58f1ea6cd,minecraft:zombie,true,Zombie,[null]
-594.5,93.0,-296.5,f0c40f5b-78c5-4770-b80b-5be7df7d65ac,minecraft:creeper,true,Creeper,[null]
-593.5,93.0,-293.5,e1da31d9-14d6-45f4-aba5-3a7b2a80be58,minecraft:creeper,true,Creeper,[null]
-794.2362019049854,87.0,-252.70042661000048,9e240260-a686-4e9b-b4da-9ddca348a72d,minecraft:chicken,true,Chicken,[null]
-785.0859037704074,87.0,-245.4853810046881,69ef7aee-8d87-4d86-b4fa-0af13234fbdf,minecraft:horse,true,Horse,[null]
-634.5484261562265,77.0,-276.4704271955341,f951cf2f-6f0d-47fc-a315-f61c11df7ce5,minecraft:skeleton,true,Skeleton,[null]
-633.5,77.0,-279.5,31d6f6f0-6a99-4ffd-b12f-428055a2fd4d,minecraft:skeleton,true,Skeleton,[null]
-636.5,77.0,-279.5,2e9de2ba-415d-4e51-946c-a4a77d7fcf52,minecraft:skeleton,true,Skeleton,[null]
-633.4895577089413,77.0,-277.54206951891666,21706878-c8cf-437e-857a-ad5cb83a4195,minecraft:skeleton,true,Skeleton,[null]
-633.3752750405115,78.0,-270.4216382938601,e407b00b-6f3e-4c60-aeb0-5129a87e0e2c,minecraft:spider,true,Spider,[null]
-815.8103309788687,85.0,-277.7156326394966,a7a9ee48-8dd5-4231-ac34-f3703b30e69e,minecraft:sheep,true,Sheep,[null]
-799.4053700282949,91.0,-274.36389729325873,80e47dcc-ed02-487a-9ca7-03d4a8a6642e,minecraft:sheep,true,Sheep,[null]
-806.3663951375453,88.0,-275.40897477676043,ca07ed00-9765-477c-a948-2e7f20c45326,minecraft:sheep,true,Sheep,[null]
-636.9895459000471,85.0,-328.09710029794155,65f1007b-c1e6-4f32-9993-b5b1472cc58e,minecraft:enderman,true,Enderman,[null]
-633.4993934694589,86.0,-324.35392185560625,5d670e74-c89d-456d-82c8-288327fb610d,minecraft:enderman,true,Enderman,[null]
-635.5,85.0,-328.5,c9720134-a06e-405d-8818-444965aac668,minecraft:enderman,true,Enderman,[null]
-771.5,58.0,-328.5,adbd6e44-f716-472b-abd5-10c5f28df189,minecraft:creeper,true,Creeper,[null]
-625.5,80.0,-308.5,caecd42c-d9cf-4f01-bab7-5a971d2d6785,minecraft:creeper,true,Creeper,[null]
-626.5,80.0,-308.5,0510fa05-3be5-4a21-8894-bd0cfc4ec352,minecraft:creeper,true,Creeper,[null]
-743.512720238883,28.8805423269514,-310.36505751730874,e7249d1a-03ae-44fd-8715-959255f2c449,minecraft:glow_squid,true,Glow Squid,[null]
-813.4997284431506,74.0,-192.6990828874385,4f0e7c29-345a-49cf-8d10-7b9430135d3d,minecraft:cow,true,Cow,[null]
-758.5,26.0,-219.5,cbc088b7-71a5-4027-b266-756606d05a74,minecraft:zombie,true,Zombie,[null]
-743.8797750621791,-11.0,-279.39402672572203,0e733537-d1db-405b-a31e-1f0b7194ec8b,minecraft:item,true,String,[null]
-737.75,-18.0,-286.63685863671645,6fdc0083-ff8f-41d5-ab7d-584c6671384d,minecraft:item,true,Rail,[null]
-751.875,-19.619033161236647,-294.125,40abb160-9827-4fcb-a06c-ae614a3df669,minecraft:item,true,String,[null]
-741.3943183089266,-11.0,-286.73105830122734,6a8cc2c5-8fa4-4eb2-97b0-fd4a7ab1a16f,minecraft:item,true,Glow Ink Sac,[null]
-748.6287616667428,-10.0,-283.04992699912395,1c36605e-7f57-4352-95ef-1f5e96c67379,minecraft:item,true,Glow Ink Sac,[null]
-789.9897327606751,88.0,-253.71348846790195,3a509610-ebe1-4103-af99-ebc4ad1959e2,minecraft:item,true,Leather,[null]
-737.75,-18.0,-286.875,06dad2f7-97b9-4e86-9cf9-0a399b17ecb4,minecraft:item,true,Glow Ink Sac,[null]
-731.9101782954367,63.0,-242.51680532685225,9114b1f3-7e48-4251-a6d5-90509ea81f82,minecraft:creeper,true,Creeper,[null]
-744.9254173786439,-11.0,-286.3452193577248,48e29f41-869b-4e88-b394-0a073c6d13f8,minecraft:item,true,Glow Ink Sac,[null]
-776.5176450448795,63.0,-333.9976979231523,ac0c499f-7fb1-4749-b0a8-65b80a5e5194,minecraft:skeleton,true,Skeleton,[null]
-625.5,76.19999998807907,-226.60000000596045,14aa6db3-73bf-4e60-b30f-5e60dac4c6c5,minecraft:bee,true,Bee,[null]
-763.4817061761014,65.0,-194.95341984596644,b486eb52-a19c-428e-89a0-9d18170e058c,minecraft:zombie,true,Zombie,[null]
-736.5598954143367,34.0,-280.4139368593467,de3e9dad-8b82-459e-bf57-5a57372acb33,minecraft:zombie,true,Zombie,[null]
-786.5,24.0,-248.5,e636fa5e-d685-473e-82e9-3d5dc3069da1,minecraft:skeleton,true,Skeleton,[null]
-769.7002100108582,21.0,-243.6832648156171,d40c7404-0e27-47ce-a4a0-b34619e61456,minecraft:skeleton,true,Skeleton,[null]
-779.173085604441,44.114828443212076,-336.1649808440034,a8d47786-8cfe-44ca-abdd-a3386ecad823,minecraft:bat,true,Bat,[null]
-781.4372330793825,70.0,-343.43896170748053,b3bc2835-9b0c-48d5-8c3a-2aa783eb0726,minecraft:creeper,true,Creeper,[null]
-838.0,65.0,-346.0,4e726fb8-802b-4a54-9b64-f894ba91da98,minecraft:sheep,true,Sheep,[null]
-835.0,71.0,-346.0,e86d08e0-9696-4725-ae8d-6be0e1f42718,minecraft:sheep,true,Sheep,[null]
-835.0,68.0,-349.0,11e5c0c6-1bf5-47cc-aef5-3bf2031723ed,minecraft:sheep,true,Sheep,[null]
-836.0,64.0,-350.0,2f9c32c7-b8de-4ea7-8bfd-591c3341e98f,minecraft:sheep,true,Sheep,[null]
-785.9898469392684,74.0,-345.48125201666994,ebe8d3df-6c53-4b6e-991b-ad40c221f128,minecraft:witch,true,Witch,[null]
-736.75,-12.899999976158142,-288.75,d0c39c18-5890-4bcb-9716-189ef232ad33,minecraft:bat,true,Bat,[null]
-747.5,10.0,-312.5,a85fccbf-b982-4866-bc1b-a4705f940374,minecraft:skeleton,true,Skeleton,[null]
-821.4711478982157,28.364434418237767,-272.79707013932716,a4c73425-a05c-4926-ab0d-b123389d09c8,minecraft:bat,true,Bat,[null]
-831.4493963598301,28.027663999097108,-268.22592395868185,0b365de1-14f4-46b8-b6d3-9dc27a45697b,minecraft:bat,true,Bat,[null]
-832.1498119071272,30.690255077198703,-266.6762940461445,95b0b57a-adbc-4fa7-85f9-92141e8f9ff2,minecraft:bat,true,Bat,[null]
-736.5,57.0,-246.5,009b82cf-e073-4946-9b6c-888aee0cf03c,minecraft:spider,true,Spider,[null]
-740.9547236891403,69.0,-237.27498091873647,bf8e5588-416f-4e6a-9895-954ea9a2a08c,minecraft:spider,true,Spider,[null]
-741.8678839588538,25.593505172990263,-315.4198345944751,773897c8-8b8a-4f70-93d6-f8ff7800b402,minecraft:glow_squid,true,Glow Squid,[null]
-739.4617730338433,10.0,-188.49962545299303,3dbb1351-0db3-4705-bfb6-edbc8ef4a8f3,minecraft:skeleton,true,Skeleton,[null]
-763.232007374631,14.148496447374066,-178.36750506586176,62c5fabb-71e3-4c6b-940b-9b0c4aa72293,minecraft:bat,true,Bat,[null]
-767.0394225856747,63.0,-199.8608184197514,e0f1da9c-758c-44c6-81eb-55102ec055b7,minecraft:creeper,true,Creeper,[null]
-812.4520548103591,75.0,-191.68112143800928,17a0c86e-752f-4fc5-ab1b-98df8d982b10,minecraft:cow,true,Cow,[null]
-806.3784835146835,77.0,-192.42966842302613,5e389adb-80f8-4bcf-b5ff-9e09901e92c6,minecraft:cow,true,Cow,[null]
-793.0,80.0,-188.0,e7be2b47-b360-433c-b317-4bbce1e63220,minecraft:cow,true,Cow,[null]
-790.6787871006925,80.0,-184.76806474170547,04854b93-456e-4084-a444-521284fa4bac,minecraft:cow,true,Cow,[null]
-777.3655422938654,85.0,-191.41784834052635,b367100c-8188-407b-96b3-9515f8e51447,minecraft:cow,true,Cow,[null]
-792.7107305998128,79.0,-177.32397337395705,91f7c1d1-1dd5-4b86-ad8c-aef30fa37fa5,minecraft:cow,true,Cow,[null]
-673.5,-20.9375,-183.5,74b2d985-180a-49c5-9b09-ee11e0793b4a,minecraft:chest_minecart,true,Minecart with Chest,[null]
-630.0428074115069,75.0,-184.96136797604447,c16be202-f1c3-4f87-bbe7-126e998f3dff,minecraft:pig,true,Pig,[null]
-626.53929736974,75.0,-186.53930627837306,beb1edb4-9810-4042-864d-dbf1ee916ef8,minecraft:pig,true,Pig,[null]
-629.0903351122471,75.0,-185.27686524623408,3456e92c-26b5-4449-88bb-cb4a24282443,minecraft:pig,true,Pig,[null]
-628.0,75.0,-181.9011580485677,09d9bc9d-6cde-4077-9ee0-c76661585dad,minecraft:pig,true,Pig,[null]
-655.639961806494,73.0,-190.93818609802082,9e4a43b9-5285-437b-8d88-545b30b1904e,minecraft:chicken,true,Chicken,[null]
-661.6089830040963,74.0,-194.11463551455589,a909aa4f-aacc-4f88-874e-ab7afa98ab08,minecraft:chicken,true,Chicken,[null]
-639.9134513380814,75.0,-191.10672832334515,f7cfb8da-04cd-4d71-b7cb-b176b2789c1b,minecraft:chicken,true,Chicken,[null]
-819.4499999880791,69.0,-186.24815672061268,af1646ad-5a3c-43a2-b956-e7b85ddec42c,minecraft:cow,true,Cow,[null]
-825.0,67.0,-150.0,cdbc60a7-9597-4c94-a390-229aebec9873,minecraft:chicken,true,Chicken,[null]
-824.0,67.0,-151.0,8dbe779f-809c-4ce5-a7b0-7d1806b12cb5,minecraft:chicken,true,Chicken,[null]
-827.7547202170969,66.0,-146.17472026468093,e1904a81-4e61-4220-8c06-c5522055b89a,minecraft:chicken,true,Chicken,[null]
-831.0,66.0,-149.0,cced3ac4-dd79-4436-86b0-a3fd9c3f07d1,minecraft:chicken,true,Chicken,[null]
-831.5999999940395,64.0,-135.0,42a57a99-ec4a-4a6b-861c-743ea2b0d98b,minecraft:chicken,true,Chicken,[null]
-622.7478808460841,79.87534385075902,-241.5485947375185,4dc5cf97-353d-4f4b-b13b-a8cdc693928e,minecraft:bee,true,Bee,[null]
-623.3831159013746,49.00133597911215,-268.6722750519827,42723a27-dcc8-4a90-92fa-41ec5d95baf6,minecraft:skeleton,true,Skeleton,[null]
-614.4904499716997,89.0,-296.689077696057,f8967322-aefd-490d-adb5-4f23bc93481f,minecraft:creeper,true,Creeper,[null]
-618.6437573508823,95.0,-351.71645013923194,7bc75775-add4-430f-a418-b1af06931ff3,minecraft:chicken,true,Chicken,[null]
-608.2953096309916,99.0,-346.7033735411428,704bd8ed-29c3-4825-980c-4d67e63a6fc2,minecraft:chicken,true,Chicken,[null]
-610.6924951173081,103.0,-338.69948417862895,dd07323a-5988-4c62-866c-0ba4b03cb96f,minecraft:chicken,true,Chicken,[null]
-613.9176949606642,96.0,-351.5173064897222,b4092375-09a7-4fd1-b47b-6bb3368143ef,minecraft:chicken,true,Chicken,[null]
-610.006459230607,96.0,-351.12977271795666,26392f3b-4cb8-47d3-90b0-1483f1d50352,minecraft:chicken,true,Chicken,[null]
-706.2873049730568,62.69309939389945,-217.23220075535414,2588e6c2-27c1-40a0-952d-fd9d08b0fde1,minecraft:salmon,true,Salmon,[null]
-690.4450285862649,62.66249862271708,-254.15212035680798,d326ec87-0eb2-464d-b571-a1baa3dd5417,minecraft:salmon,true,Salmon,[null]
-699.0893139682948,61.50957960923794,-237.9849389804511,7f4898dd-721f-4722-9588-4d08177edbfb,minecraft:salmon,true,Salmon,[null]
-701.8561856416472,62.577094042642024,-248.06567784861858,d5896e43-e732-4ed5-9574-6a76c68c9123,minecraft:salmon,true,Salmon,[null]
-766.2219103307874,64.0,-192.72840367077362,675e2ef1-534a-43a7-9952-43bb012cfdde,minecraft:zombie,true,Zombie,[null]
-700.4973358357604,60.950350625932614,-237.4221302828304,d5443ac0-2534-4519-a711-35bf99eb9338,minecraft:salmon,true,Salmon,[null]
-780.4886519948753,-1.0,-238.50114123771039,9bb4bed6-8304-4040-af6a-180eed74fe8b,minecraft:creeper,true,Creeper,[null]
-778.5,-3.0,-239.5,b7de43c7-b67e-4937-bdc6-2cd6edf19728,minecraft:skeleton,true,Skeleton,[null]
-782.4992628996894,46.30741276394494,-336.21881893666495,10cd8184-8b78-45c8-bc9f-8734ae138431,minecraft:bat,true,Bat,[null]
-702.0642107439186,59.394093596274544,-228.13351608161994,27ed82b5-f634-49fd-b931-9522de252b48,minecraft:salmon,true,Salmon,[null]
-733.5,57.0,-247.5,f7ca2701-3a78-464c-a936-1a00e4777729,minecraft:enderman,true,Enderman,[null]
-770.4060204534833,12.30341322976601,-171.21419697614272,94b0df27-9f51-4fda-b546-2124f79ef7c9,minecraft:bat,true,Bat,[null]
-774.5,26.0,-239.5,5908b5f5-bacf-4abe-ac2f-84008afe08f1,minecraft:skeleton,true,Skeleton,[null]
-784.6318689714703,-1.0,-269.65941485894666,9d77635a-6e09-4c1f-b194-3418ed49c8e5,minecraft:creeper,true,Creeper,[null]
-768.9763818572471,61.0,-333.32435343331287,9c50e2a8-f234-4a59-8e66-aa24d6a49f01,minecraft:drowned,true,Drowned,[null]
-720.5229667595122,50.85037123784423,-181.73525719810277,db31b58c-79c0-41e3-a4fe-d31e8326f6b7,minecraft:squid,true,Squid,[null]
-720.8529104688205,54.386598822660744,-184.24769407045096,0d2ae927-48a6-4cee-b4fc-70337b707237,minecraft:squid,true,Squid,[null]
-724.1580972252414,52.85919123701751,-190.01098832534626,b2f2b42d-5352-4edd-bdd7-7a0b9e303e0f,minecraft:squid,true,Squid,[null]
-809.5,43.0,-209.5,cc505cac-cc45-4bb0-bfdb-bf35a59b8fbe,minecraft:creeper,true,Creeper,[null]
-748.5,-12.0,-192.5,9c05a010-e403-48e2-b651-d852102baf14,minecraft:skeleton,true,Skeleton,[null]
-778.3855136699786,20.0,-248.51753628346762,c9501245-4a55-4add-a3ef-a3d9263acf00,minecraft:creeper,true,Creeper,[null]
-726.5,-32.0,-227.5,622506b3-b626-428f-a29c-ce159ffc8eab,minecraft:zombie,true,Zombie,[null]
-766.2563965062994,-11.0,-261.364374785988,8b964263-edab-4f7b-aa98-a13450a32d30,minecraft:bat,true,Bat,[null]
-768.5,-26.0,-235.5,fcb19f9b-dfe2-406c-b4b7-4d4d3b24967a,minecraft:creeper,true,Creeper,[null]
-795.6999999880791,19.0,-270.69999998807907,f8261ed4-13db-4228-87f1-544a4ea355c3,minecraft:skeleton,true,Skeleton,[null]
-795.3000000119209,19.0,-270.0474076577632,c28c39d5-1166-454c-b1bc-30fc04a46c44,minecraft:skeleton,true,Skeleton,[null]
-800.9975921966922,20.0,-270.5285172240773,ba21761f-a362-4169-895c-e58d7a9af64e,minecraft:skeleton,true,Skeleton,[null]
-703.1106051358328,57.58389997858757,-206.08069056473065,593cb6ff-52ab-4599-a92f-08c394fbe7c5,minecraft:salmon,true,Salmon,[null]
-767.5863997161974,55.10000002384186,-319.8030744159604,891dba5a-48f5-4091-9ee2-863965ed30ae,minecraft:bat,true,Bat,[null]
-765.8783160761612,64.94312381951272,-321.0404308471952,eb9645a9-e215-4064-8201-bc2f02b5b490,minecraft:bat,true,Bat,[null]
-772.5,-7.0,-278.5,47112a8d-d7c8-4d53-be76-86586a42b565,minecraft:skeleton,true,Skeleton,[null]
-770.4448416732852,63.0,-188.55512338434167,6fbe3fc7-d848-41e3-912a-902fef5faea0,minecraft:creeper,true,Creeper,[null]
-703.2251280910247,56.89863959307449,-205.29622986641093,9042b4d5-c953-4198-964f-47c77678da7a,minecraft:salmon,true,Salmon,[null]
-718.5,-33.0,-235.5,ba537e95-8447-4276-9efa-9b318159763a,minecraft:zombie,true,Zombie,[null]
-778.5929778470485,-5.0,-255.20396874285336,5fb30db6-ece5-4a6d-983d-8d675c4f2a6e,minecraft:zombie,true,Zombie,[null]
-774.2914219490755,29.302484568618688,-276.80126349372915,b616cc41-9f30-4c28-8b13-3fed4bcbad2c,minecraft:bat,true,Bat,[null]
-782.25,14.03153459450565,-168.47162633920544,8952f8ec-8e53-4280-ad07-46bd6e5c9552,minecraft:bat,true,Bat,[null]
-702.5,-6.0,-314.5,35a04b61-7277-4920-bffb-790afc4cee98,minecraft:zombie,true,Zombie,[null]
-700.3603624943861,55.086822596904554,-280.31859041386616,68b7204c-c947-4c39-b714-49a5b7bda249,minecraft:salmon,true,Salmon,[null]
-700.5,56.73500000000089,-280.5,7b6c1388-e615-402d-a8cf-ec608c36d4fb,minecraft:salmon,true,Salmon,[null]
-690.6500000059605,55.87820115558363,-240.17220383972972,b29e4c93-fff1-4e3c-b42e-01ebe67b20be,minecraft:salmon,true,Salmon,[null]
-690.4974083151915,62.46563326462562,-254.91028746416566,a1c48ce1-db35-4610-ba85-6f2fbd3765d1,minecraft:salmon,true,Salmon,[null]
-771.5,-10.0,-313.5,d981ed02-2a61-4b4e-a78b-b1752d31786f,minecraft:creeper,true,Creeper,[null]
-772.2616568689946,-10.0,-308.5747694922173,ef9200ed-df50-43e4-ab11-4d1b349c5512,minecraft:creeper,true,Creeper,[null]
-772.6604146088414,-10.0,-309.6375910294921,6f703581-a522-498d-85ae-a2e36ca2351f,minecraft:creeper,true,Creeper,[null]
-771.5,-10.0,-314.5,1f5d1f3a-9b3b-40a2-a400-25bf9ceb6469,minecraft:creeper,true,Creeper,[null]
-749.5839329510927,-15.0,-181.44131161272526,95b34769-50e3-4221-83c7-f28903351a24,minecraft:glow_squid,true,Glow Squid,[null]
-770.5125858631442,-14.0,-285.4969348703165,8b777820-27e0-4e69-984f-41bbfe8c09e2,minecraft:zombie,true,Zombie,[null]
-772.5563258920928,-14.0,-285.4918653619106,cecbc903-ce4b-42d2-8361-fff6318b93a0,minecraft:zombie,true,Zombie,[null]
-724.2182292341249,8.298913986257487,-285.9349875430783,54b8ecd5-cc78-4f27-b45a-03fc106cb2be,minecraft:bat,true,Bat,[null]
-726.0210512900439,10.043108129598462,-282.50202484025857,2b272d27-b990-4e0f-8931-012f4fc76cbb,minecraft:bat,true,Bat,[null]
-757.4000000059605,27.0,-170.92312553990632,8145bb47-975e-4539-926f-47d85285d97f,minecraft:glow_squid,true,Glow Squid,[null]
-706.7420477825707,60.91883516592776,-292.9020106547546,37910b09-a57e-43d7-84b1-c0dece326d80,minecraft:salmon,true,Salmon,[null]
-689.8343216892987,53.45578416508707,-261.16565366421975,d98c1372-ea0f-4186-ae55-aafaac89e554,minecraft:salmon,true,Salmon,[null]
-730.8086840137839,5.0,-178.59999999403954,c32dad79-d53a-4ea1-ba95-07b00379b549,minecraft:glow_squid,true,Glow Squid,[null]
-751.2547014006115,62.40739540236494,-288.33723926791777,34703c4f-b455-4623-aaa4-f655d29dee5d,minecraft:skeleton,true,Skeleton,[null]
